<?xml version="1.0"?>

<libraries>
	<library>
		<file-name>bnd.jar</file-name>
		<version>3.1.0</version>
		<project-name>Bnd</project-name>
		<project-url>http://bnd.bndtools.org</project-url>
		<licenses>
			<license>
				<license-name>Apache License 2.0</license-name>
				<license-url>http://www.apache.org/licenses/LICENSE-2.0</license-url>
			</license>
		</licenses>
	</library>
	<library>
		<file-name>jgit.jar</file-name>
		<version>4.3.1</version>
		<project-name>Eclipse JGit</project-name>
		<project-url>http://www.eclipse.org/jgit</project-url>
		<licenses>
			<license>
				<license-name>Eclipse Distribution License - v 1.0</license-name>
			</license>
		</licenses>
	</library>
	<library>
		<file-name>log4j.jar</file-name>
		<version>1.2.17</version>
		<project-name>Log4j</project-name>
		<project-url>http://logging.apache.org/log4j/docs</project-url>
		<licenses>
			<license>
				<license-name>Apache License 2.0</license-name>
			</license>
		</licenses>
	</library>
	<library>
		<file-name>proguard.jar</file-name>
		<version>5.2.1</version>
		<project-name>ProGuard</project-name>
		<project-url>http://proguard.sourceforge.net/</project-url>
		<licenses>
			<license>
				<license-name>GPL</license-name>
			</license>
		</licenses>
	</library>
	<library>
		<file-name>slf4j.jar</file-name>
		<version>nop-1.7.12</version>
		<project-name>SLF4J</project-name>
		<project-url>http://www.slf4j.org/</project-url>
		<licenses>
			<license>
				<license-name>MIT License</license-name>
			</license>
		</licenses>
	</library>
	<library>
		<file-name>truevfs.jar</file-name>
		<version>0.11.0</version>
		<project-name>TrueVFS</project-name>
		<project-url>https://truevfs.java.net</project-url>
		<licenses>
			<license>
				<license-name>Eclipse Public License, Version 1.0</license-name>
			</license>
		</licenses>
	</library>
	<library>
		<file-name>ecs.jar</file-name>
		<version>1.4.2</version>
		<project-name>Jakarta ECS</project-name>
		<project-url>http://jakarta.apache.org/</project-url>
		<licenses>
			<license>
				<license-name>Apache License 2.0</license-name>
				<license-url>http://www.apache.org/licenses/LICENSE-2.0</license-url>
			</license>
		</licenses>
	</library>
	<library>
		<file-name>pitest.jar</file-name>
		<version>1.2.0</version>
		<project-name>PIT</project-name>
		<project-url>http://pitest.org/</project-url>
		<licenses>
			<license>
				<license-name>Apache License 2.0</license-name>
				<license-url>http://www.apache.org/licenses/LICENSE-2.0</license-url>
			</license>
		</licenses>
	</library>
	<library>
		<file-name>pitest-ant.jar</file-name>
		<version>1.2.0</version>
		<project-name>PIT</project-name>
		<project-url>http://pitest.org/</project-url>
		<licenses>
			<license>
				<license-name>Apache License 2.0</license-name>
				<license-url>http://www.apache.org/licenses/LICENSE-2.0</license-url>
			</license>
		</licenses>
	</library>
	<library>
		<file-name>pitest-entry.jar</file-name>
		<version>1.2.0</version>
		<project-name>PIT</project-name>
		<project-url>http://pitest.org/</project-url>
		<licenses>
			<license>
				<license-name>Apache License 2.0</license-name>
				<license-url>http://www.apache.org/licenses/LICENSE-2.0</license-url>
			</license>
		</licenses>
	</library>
	<library>
		<file-name>xmlpull.jar</file-name>
		<version>1.1.3.1</version>
		<project-name>XML Pull Parsing</project-name>
		<project-url>http://xmlpull.org/</project-url>
		<licenses>
			<license>
				<license-name>LGPL license</license-name>
				<license-url>https://opensource.org/licenses/LGPL-2.1</license-url>
			</license>
		</licenses>
	</library>
	<library>
		<file-name>xstream.jar</file-name>
		<version>1.4.8</version>
		<project-name>XStream</project-name>
		<project-url>https://x-stream.github.io/</project-url>
		<licenses>
			<license>
				<license-name>BSD license</license-name>
				<license-url>https://opensource.org/licenses/BSD-3-Clause</license-url>
			</license>
		</licenses>
	</library>
</libraries>